{"cameraMode":{"drawMode":0,"name":"Shaded","section":"Shading Mode"},"sceneLighting":false,"audioPlay":false,"sceneViewState":{"m_AlwaysRefresh":false,"showFog":false,"showSkybox":true,"showFlares":true,"showImageEffects":true,"showParticleSystems":true,"showVisualEffectGraphs":true,"m_FxEnabled":true},"in2DMode":false,"pivot":{"x":0.9116199016571045,"y":1.6193984746932984,"z":1.9705495834350587},"rotation":{"x":-0.30124980211257937,"y":-0.0423274002969265,"z":0.01338350959122181,"w":-0.9525328278541565},"size":4.466025352478027,"orthographic":false}