{"cameraMode":{"drawMode":0,"name":"Shaded","section":"Shading Mode"},"sceneLighting":false,"audioPlay":false,"sceneViewState":{"m_AlwaysRefresh":false,"showFog":false,"showSkybox":true,"showFlares":true,"showImageEffects":true,"showParticleSystems":true,"showVisualEffectGraphs":true,"m_FxEnabled":true},"in2DMode":false,"pivot":{"x":-8.667272567749024,"y":-63.278350830078128,"z":-382.50958251953127},"rotation":{"x":0.0009776608785614372,"y":-0.9962913393974304,"z":0.08539106696844101,"w":0.011365851387381554},"size":199.54092407226563,"orthographic":false}