{"cameraMode":{"drawMode":0,"name":"Shaded","section":"Shading Mode"},"sceneLighting":true,"audioPlay":false,"sceneViewState":{"m_AlwaysRefresh":false,"showFog":true,"showSkybox":true,"showFlares":true,"showImageEffects":true,"showParticleSystems":true,"showVisualEffectGraphs":true,"m_FxEnabled":true},"in2DMode":false,"pivot":{"x":-5.296451568603516,"y":5.664220333099365,"z":12.270302772521973},"rotation":{"x":0.006907815579324961,"y":-0.9600991010665894,"z":0.02329215779900551,"w":0.27863213419914248},"size":2.37380313873291,"orthographic":false}